{
  "DataDragon": {
    "MinimumGoldCost": 2000,
    "Region": "global",
    "Locale": "en_US",
    "CDN": "https://ddragon.leagueoflegends.com/cdn",
    "CDragonRaw": "https://raw.communitydragon.org",
    "Patch": "latest"
  },
  "PickBan": {
    "IsActive": true,
    "UseDelay": false,
    "DelayValue": 300,
    "DefaultBlueColor": "rgb(0, 153, 224)",
    "DefaultRedColor": "rgb(232, 61, 61)"
  },
  "Ingame": {
    "IsActive": true,
    "UseLiveEvents": true,
    "DoLevelUp": true,
    "DoItemCompleted": true,
    "SeriesGameCount": 3,
    "Objectives": {
      "DoBaronKill": true,
      "DoDragonKill": true,
      "DoInhibitors": true,
      "DoObjectiveSpawnPopUp": false,
      "DoObjectiveKillPopUp": false,
      "UseCustomDragonTimer": false,
      "UseCustomBaronTimer": false
    },
    "Teams": {
      "DoTeamNames": false,
      "DoTeamIcons": false,
      "DoTeamScores": false
    },
    "UseCustomScoreboard": false
  },
  "Replay": {
    "IsActive": true,
    "UseAutoInitUI": true
  },
  "PostGame": {
    "IsActive": false
  },
  "App": {
    "LogLevel": 2,
    "CheckForUpdates": true,
    "UpdateRepositoryUrl": "https://github.com/floh22/LeagueBroadcast",
    "UpdateRepositoryName": "floh22/LeagueBroadcast",
    "LeagueInstall": [
      "C:\\",
      "D:\\",
      "E:\\",
      "F:\\",
      "C:\\Program Files",
      "C:\\Program Files (x86)"
    ],
    "CheckForOffsets": true,
    "OffsetRepository": "https://api.github.com/repos/floh22/LeagueBroadcast/contents/Offsets?ref=v2",
    "OffsetPrefix": "Offsets-"
  },
  "FileVersion": "1.5"
}