{
  "Inhib": {
    "Position": {
      "X": 0.0,
      "Y": 845.0
    },
    "Size": {
      "X": 306.0,
      "Y": 118.0
    },
    "UseBackgroundImage": false,
    "UseBackgroundVideo": false,
    "Color": "rgba(24,24,24,255)",
    "Font": {
      "Style": "Bold",
      "Name": "Poppins",
      "Size": "15px",
      "Align": "right",
      "Color": "rgb(255,255,255)"
    },
    "IconSize": 40.0,
    "HideWhenNoneDestroyed": true,
    "UseTeamColors": true,
    "BlueTeam": {
      "Position": {
        "X": 40.0,
        "Y": 20.0
      },
      "LaneOffset": {
        "X": 100.0,
        "Y": 0.0
      },
      "UseTeamColor": true,
      "Color": "rgb(0,0,0)",
      "IconOffset": {
        "X": 10.0,
        "Y": -24.0
      }
    },
    "RedTeam": {
      "Position": {
        "X": 40.0,
        "Y": 80.0
      },
      "LaneOffset": {
        "X": 100.0,
        "Y": 0.0
      },
      "UseTeamColor": true,
      "Color": "rgb(255,255,255)",
      "IconOffset": {
        "X": 10.0,
        "Y": -24.0
      }
    },
    "LaneOrder": [
      "bot",
      "mid",
      "top"
    ]
  },
  "Score": {
    "Position": {
      "X": 960.0,
      "Y": 0.0
    },
    "Size": {
      "X": 800.0,
      "Y": 92.0
    },
    "TimeFont": {
      "Style": "Bold",
      "Name": "Poppins",
      "Size": "22px",
      "Align": "center",
      "Color": "rgb(255,255,255)"
    },
    "TimePosition": {
      "X": 0.0,
      "Y": 70.0
    },
    "BlueTeam": {
      "Kills": {
        "Position": {
          "X": -30.0,
          "Y": 6.0
        },
        "Font": {
          "Style": "Bold",
          "Name": "Poppins",
          "Size": "50px",
          "Align": "right",
          "Color": "rgb(255,255,255)"
        },
        "Icon": {
          "Name": "KillsIcon",
          "Size": {
            "X": 100.0,
            "Y": 100.0
          },
          "Offset": {
            "X": 0.0,
            "Y": 0.0
          }
        }
      },
      "Towers": {
        "Position": {
          "X": -275.0,
          "Y": 20.0
        },
        "Font": {
          "Style": "Bold",
          "Name": "Poppins",
          "Size": "26px",
          "Align": "right",
          "Color": "rgb(255,255,255)"
        },
        "Icon": {
          "Name": "TowerIcon",
          "Size": {
            "X": 25.0,
            "Y": 30.0
          },
          "Offset": {
            "X": 17.0,
            "Y": 13.0
          }
        }
      },
      "Gold": {
        "Position": {
          "X": -155.0,
          "Y": 20.0
        },
        "Font": {
          "Style": "Bold",
          "Name": "Poppins",
          "Size": "26px",
          "Align": "right",
          "Color": "rgb(255,255,255)"
        },
        "Icon": {
          "Name": "GoldIcon",
          "Size": {
            "X": 40.0,
            "Y": 30.0
          },
          "Offset": {
            "X": 25.0,
            "Y": 10.0
          }
        }
      },
      "Drakes": {
        "Position": {
          "X": -55.0,
          "Y": 71.0
        },
        "Offset": {
          "X": -12.0,
          "Y": 0.0
        }
      },
      "Name": {
        "UseTag": true,
        "Position": {
          "X": -390.0,
          "Y": 17.0
        },
        "AdaptiveFontSize": true,
        "MaxSize": {
          "X": 100.0,
          "Y": 50.0
        },
        "Font": {
          "Style": "Bold",
          "Name": "Poppins",
          "Size": "30px",
          "Align": "left",
          "Color": "rgb(255,255,255)"
        }
      },
      "Icon": {
        "Position": {
          "X": -445.0,
          "Y": 45.0
        },
        "Size": {
          "X": 80.0,
          "Y": 80.0
        },
        "UseBackground": true,
        "BackgroundOffset": {
          "X": -0.0,
          "Y": 0.0
        }
      },
      "Score": {
        "Position": {
          "X": -380.0,
          "Y": 70.0
        },
        "NumberFont": {
          "Style": "Bold",
          "Name": "Poppins",
          "Size": "15px",
          "Align": "right",
          "Color": "rgb(255,255,255)"
        },
        "UseCircleIcons": true,
        "CircleOffset": {
          "X": 25.0,
          "Y": 0.0
        },
        "CircleRadius": 10.0,
        "UseTeamColor": true,
        "StrokeColor": "rgb(255,255,255)",
        "FillColor": "rgb(255,255,255)"
      }
    },
    "RedTeam": {
      "Kills": {
        "Position": {
          "X": 30.0,
          "Y": 6.0
        },
        "Font": {
          "Style": "Bold",
          "Name": "Poppins",
          "Size": "50px",
          "Align": "left",
          "Color": "rgb(255,255,255)"
        },
        "Icon": {
          "Name": "KillsIcon",
          "Size": {
            "X": 100.0,
            "Y": 100.0
          },
          "Offset": {
            "X": 0.0,
            "Y": 0.0
          }
        }
      },
      "Towers": {
        "Position": {
          "X": 275.0,
          "Y": 20.0
        },
        "Font": {
          "Style": "Bold",
          "Name": "Poppins",
          "Size": "26px",
          "Align": "left",
          "Color": "rgb(255,255,255)"
        },
        "Icon": {
          "Name": "TowerIcon",
          "Size": {
            "X": 25.0,
            "Y": 30.0
          },
          "Offset": {
            "X": -20.0,
            "Y": 13.0
          }
        }
      },
      "Gold": {
        "Position": {
          "X": 150.0,
          "Y": 20.0
        },
        "Font": {
          "Style": "Bold",
          "Name": "Poppins",
          "Size": "26px",
          "Align": "left",
          "Color": "rgb(255,255,255)"
        },
        "Icon": {
          "Name": "GoldIcon",
          "Size": {
            "X": 40.0,
            "Y": 30.0
          },
          "Offset": {
            "X": -28.0,
            "Y": 10.0
          }
        }
      },
      "Drakes": {
        "Position": {
          "X": 50.0,
          "Y": 71.0
        },
        "Offset": {
          "X": 12.0,
          "Y": 0.0
        }
      },
      "Name": {
        "UseTag": true,
        "Position": {
          "X": 390.0,
          "Y": 17.0
        },
        "AdaptiveFontSize": true,
        "MaxSize": {
          "X": 100.0,
          "Y": 50.0
        },
        "Font": {
          "Style": "Bold",
          "Name": "Poppins",
          "Size": "30px",
          "Align": "right",
          "Color": "rgb(255,255,255)"
        }
      },
      "Icon": {
        "Position": {
          "X": 445.0,
          "Y": 45.0
        },
        "Size": {
          "X": 80.0,
          "Y": 80.0
        },
        "UseBackground": true,
        "BackgroundOffset": {
          "X": 0.0,
          "Y": 0.0
        }
      },
      "Score": {
        "Position": {
          "X": 380.0,
          "Y": 70.0
        },
        "NumberFont": {
          "Style": "Bold",
          "Name": "Poppins",
          "Size": "15px",
          "Align": "left",
          "Color": "rgb(255,255,255)"
        },
        "UseCircleIcons": true,
        "CircleOffset": {
          "X": -25.0,
          "Y": 0.0
        },
        "CircleRadius": 10.0,
        "UseTeamColor": true,
        "StrokeColor": "rgb(255,255,255)",
        "FillColor": "rgb(255,255,255)"
      }
    },
    "Background": {
      "UseImage": false,
      "UseVideo": false,
      "UseAlpha": true,
      "FallbackColor": "rgba(24,24,24,255)"
    },
    "Misc": {
      "Animation": "Simple",
      "ShowCenterIcon": true,
      "CenterIconPosition": {
        "X": 0.0,
        "Y": 30.0
      },
      "CenterIconSize": {
        "X": 40.0,
        "Y": 40.0
      },
      "DrakeIconSize": {
        "X": 20.0,
        "Y": 20.0
      }
    }
  },
  "ObjectiveKill": {
    "ShowTeamIcon": false,
    "SoulPointScoreboardPopUp": {
      "Enabled": true,
      "UseImage": true,
      "UseVideo": false,
      "UseAlpha": true,
      "ForceDisplayDurationForVideo": true,
      "DisplayDuration": 2000.0,
      "AnimationDuration": 1000.0
    },
    "ElderKillScoreboardPopUp": {
      "Enabled": true,
      "UseImage": true,
      "UseVideo": false,
      "UseAlpha": true,
      "ForceDisplayDurationForVideo": true,
      "DisplayDuration": 2000.0,
      "AnimationDuration": 1000.0
    },
    "DragonKillScoreboardPopUp": {
      "Enabled": true,
      "UseImage": true,
      "UseVideo": false,
      "UseAlpha": true,
      "ForceDisplayDurationForVideo": true,
      "DisplayDuration": 2000.0,
      "AnimationDuration": 1000.0
    },
    "BaronKillScoreboardPopUp": {
      "Enabled": false,
      "UseImage": true,
      "UseVideo": false,
      "UseAlpha": true,
      "ForceDisplayDurationForVideo": true,
      "DisplayDuration": 2000.0,
      "AnimationDuration": 1000.0
    },
    "HeraldKillScoreboardPopUp": {
      "Enabled": true,
      "UseImage": true,
      "UseVideo": false,
      "UseAlpha": true,
      "ForceDisplayDurationForVideo": true,
      "DisplayDuration": 2000.0,
      "AnimationDuration": 1000.0
    }
  },
  "ObjectiveSpawn": {
    "BaronSpawnScoreboardPopUp": {
      "Enabled": true,
      "UseImage": true,
      "UseVideo": false,
      "UseAlpha": true,
      "ForceDisplayDurationForVideo": false,
      "DisplayDuration": 2000.0,
      "AnimationDuration": 1000.0
    },
    "DrakeSpawnScoreboardPopUp": {
      "Enabled": true,
      "UseImage": true,
      "UseVideo": false,
      "UseAlpha": true,
      "ForceDisplayDurationForVideo": false,
      "DisplayDuration": 2000.0,
      "AnimationDuration": 1000.0
    },
    "HeraldSpawnScoreboardPopUp": {
      "Enabled": true,
      "UseImage": true,
      "UseVideo": false,
      "UseAlpha": true,
      "ForceDisplayDurationForVideo": false,
      "DisplayDuration": 2000.0,
      "AnimationDuration": 1000.0
    }
  },
  "ItemComplete": {
    "UseCustomVideo": false,
    "ShowItemName": true,
    "ShowOnScoreboard": false,
    "ShowOnChampionIndicator": true,
    "InfoText": {
      "Style": "Bold",
      "Name": "Poppins",
      "Size": "20px",
      "Align": "center",
      "Color": "rgb(255,255,255)"
    },
    "ItemAnimationStates": [
      {
        "Scale": 0.0,
        "Alpha": 0.0,
        "Position": {
          "X": 0.0,
          "Y": 0.0
        },
        "Mirror": false,
        "Duration": 0.0,
        "Ease": "",
        "Delay": 0.0
      },
      {
        "Scale": 1.0,
        "Alpha": 1.0,
        "Position": {
          "X": 0.0,
          "Y": 0.0
        },
        "Mirror": false,
        "Duration": 400.0,
        "Ease": "Quad.easeIn",
        "Delay": 0.0
      },
      {
        "Scale": 1.1,
        "Alpha": 1.0,
        "Position": {
          "X": 0.0,
          "Y": 0.0
        },
        "Mirror": false,
        "Duration": 3200.0,
        "Ease": "Linear",
        "Delay": 0.0
      },
      {
        "Scale": 2.5,
        "Alpha": 0.0,
        "Position": {
          "X": 0.0,
          "Y": 0.0
        },
        "Mirror": false,
        "Duration": 400.0,
        "Ease": "Quad.easeOut",
        "Delay": 0.0
      }
    ],
    "InfoTextAnimationStates": [
      {
        "Scale": 1.0,
        "Alpha": 0.0,
        "Position": {
          "X": 55.0,
          "Y": 0.0
        },
        "Mirror": true,
        "Duration": 0.0,
        "Ease": "",
        "Delay": 0.0
      },
      {
        "Scale": 1.0,
        "Alpha": 1.0,
        "Position": {
          "X": 55.0,
          "Y": 0.0
        },
        "Mirror": true,
        "Duration": 200.0,
        "Ease": "Quad.easeOut",
        "Delay": 1000.0
      },
      {
        "Scale": 1.0,
        "Alpha": 0.0,
        "Position": {
          "X": 55.0,
          "Y": 0.0
        },
        "Mirror": true,
        "Duration": 200.0,
        "Ease": "Quad.easeIn",
        "Delay": 1800.0
      }
    ],
    "InfoBackgroundAnimationStates": [
      {
        "Scale": 1.0,
        "Alpha": 1.0,
        "Position": {
          "X": 0.0,
          "Y": 80.0
        },
        "Mirror": false,
        "Duration": 0.0,
        "Ease": "",
        "Delay": 0.0
      },
      {
        "Scale": 1.0,
        "Alpha": 1.0,
        "Position": {
          "X": 0.0,
          "Y": 0.0
        },
        "Mirror": false,
        "Duration": 200.0,
        "Ease": "Quad.easeOut",
        "Delay": 800.0
      },
      {
        "Scale": 1.0,
        "Alpha": 1.0,
        "Position": {
          "X": 0.0,
          "Y": -80.0
        },
        "Mirror": false,
        "Duration": 200.0,
        "Ease": "Quad.easeIn",
        "Delay": 2200.0
      }
    ]
  },
  "LevelUp": {
    "UseCustomVideo": false,
    "ShowOnScoreboard": false,
    "ShowOnChampionIndicator": true,
    "LevelFont": {
      "Style": "Bold",
      "Name": "Poppins",
      "Size": "60px",
      "Align": "center",
      "Color": "rgb(255,255,255)"
    },
    "UseTeamColors": true,
    "OrderColor": "rgb(0,0,255)",
    "ChaosColor": "rgb(255,0,0)",
    "NumberAnimationStates": [
      {
        "Scale": 1.0,
        "Alpha": 1.0,
        "Position": {
          "X": 0.0,
          "Y": 70.0
        },
        "Mirror": true,
        "Duration": 0.0,
        "Ease": "",
        "Delay": 0.0
      },
      {
        "Scale": 1.0,
        "Alpha": 1.0,
        "Position": {
          "X": 0.0,
          "Y": -30.0
        },
        "Mirror": true,
        "Duration": 300.0,
        "Ease": "Quad.easeOut",
        "Delay": 250.0
      },
      {
        "Scale": 1.0,
        "Alpha": 1.0,
        "Position": {
          "X": 0.0,
          "Y": -130.0
        },
        "Mirror": true,
        "Duration": 400.0,
        "Ease": "Quad.easeIn",
        "Delay": 3500.0
      }
    ],
    "BackgroundAnimationStates": [
      {
        "Scale": 1.0,
        "Alpha": 1.0,
        "Position": {
          "X": 0.0,
          "Y": 100.0
        },
        "Mirror": false,
        "Duration": 0.0,
        "Ease": "",
        "Delay": 0.0
      },
      {
        "Scale": 1.0,
        "Alpha": 1.0,
        "Position": {
          "X": 0.0,
          "Y": 0.0
        },
        "Mirror": false,
        "Duration": 300.0,
        "Ease": "Quad.easeOut",
        "Delay": 250.0
      },
      {
        "Scale": 1.0,
        "Alpha": 1.0,
        "Position": {
          "X": -90.0,
          "Y": 0.0
        },
        "Mirror": true,
        "Duration": 400.0,
        "Ease": "Quad.easeIn",
        "Delay": 4000.0
      }
    ]
  },
  "InfoPage": {
    "Position": {
      "X": 0.0,
      "Y": 135.0
    },
    "Title": {
      "Enabled": true,
      "Position": {
        "Gold": {
          "X": 150.0,
          "Y": 15.0
        },
        "XP": {
          "X": 150.0,
          "Y": 15.0
        },
        "CSPM": {
          "X": 150.0,
          "Y": 15.0
        }
      },
      "Font": {
        "Style": "Bold",
        "Name": "Poppins",
        "Size": "26px",
        "Align": "center",
        "Color": "rgb(255,255,255)"
      }
    },
    "TitleHeight": 45.0,
    "TabConfig": {
      "TabSize": {
        "X": 300.0,
        "Y": 55.0
      },
      "UseTeamColorsText": false,
      "OrderColor": "rgb(255,255,255)",
      "ChaosColor": "rgb(255,255,255)",
      "ChampIcon": {
        "Enabled": true,
        "Position": {
          "Gold": {
            "X": 4.0,
            "Y": 8.0
          },
          "XP": {
            "X": 4.0,
            "Y": 8.0
          },
          "CSPM": {
            "X": 4.0,
            "Y": 8.0
          }
        },
        "Size": {
          "X": 42.0,
          "Y": 42.0
        }
      },
      "Separator": {
        "Enabled": true,
        "Position": {
          "Gold": {
            "X": 0.0,
            "Y": 0.0
          },
          "XP": {
            "X": 0.0,
            "Y": 0.0
          },
          "CSPM": {
            "X": 0.0,
            "Y": 0.0
          }
        },
        "Size": {
          "X": 300.0,
          "Y": 2.0
        }
      },
      "PlayerName": {
        "Enabled": true,
        "Position": {
          "Gold": {
            "X": 54.0,
            "Y": 6.0
          },
          "XP": {
            "X": 54.0,
            "Y": 6.0
          },
          "CSPM": {
            "X": 54.0,
            "Y": 6.0
          }
        },
        "Font": {
          "Style": "Bold",
          "Name": "Poppins",
          "Size": "15px",
          "Align": "left",
          "Color": "rgb(255,255,255)"
        }
      },
      "MinValue": {
        "Enabled": true,
        "Position": {
          "Gold": {
            "X": 54.0,
            "Y": 22.0
          },
          "XP": {
            "X": 54.0,
            "Y": 22.0
          },
          "CSPM": {
            "X": 54.0,
            "Y": 22.0
          }
        },
        "Font": {
          "Style": "Bold",
          "Name": "Poppins",
          "Size": "15px",
          "Align": "left",
          "Color": "rgb(255,255,255)"
        }
      },
      "CurrentValue": {
        "Enabled": true,
        "Position": {
          "Gold": {
            "X": 270.0,
            "Y": 15.0
          },
          "XP": {
            "X": 280.0,
            "Y": 15.0
          },
          "CSPM": {
            "X": 280.0,
            "Y": 15.0
          }
        },
        "Font": {
          "Style": "Bold",
          "Name": "Poppins",
          "Size": "25px",
          "Align": "center",
          "Color": "rgb(255,255,255)"
        }
      },
      "MaxValue": {
        "Enabled": true,
        "Position": {
          "Gold": {
            "X": 230.0,
            "Y": 22.0
          },
          "XP": {
            "X": 260.0,
            "Y": 22.0
          },
          "CSPM": {
            "X": 260.0,
            "Y": 22.0
          }
        },
        "Font": {
          "Style": "Bold",
          "Name": "Poppins",
          "Size": "15px",
          "Align": "right",
          "Color": "rgb(255,255,255)"
        }
      },
      "ProgressBar": {
        "Enabled": true,
        "Position": {
          "Gold": {
            "X": 52.0,
            "Y": 40.0
          },
          "XP": {
            "X": 52.0,
            "Y": 40.0
          },
          "CSPM": {
            "X": 52.0,
            "Y": 40.0
          }
        },
        "Size": {
          "Gold": {
            "X": 180.0,
            "Y": 10.0
          },
          "XP": {
            "X": 210.0,
            "Y": 10.0
          },
          "CSPM": {
            "X": 210.0,
            "Y": 10.0
          }
        },
        "UseTeamColors": true,
        "DefaultColor": "rgb(0,0,0)",
        "OrderColor": "rgb(222,40,70)",
        "ChaosColor": "rgb(0,151,196)",
        "Animate": true
      }
    },
    "Background": {
      "UseImage": false,
      "UseVideo": false,
      "UseAlpha": false,
      "FallbackColor": "rgb(24, 24, 24)",
      "Size": {
        "X": 300.0,
        "Y": 600.0
      }
    }
  },
  "GoldGraph": {
    "Position": {
      "X": 965.0,
      "Y": 845.0
    },
    "Size": {
      "X": 740.0,
      "Y": 235.0
    },
    "Background": {
      "UseImage": false,
      "UseVideo": false,
      "UseAlpha": false,
      "FallbackColor": "rgba(24,24,24,255)"
    },
    "Title": {
      "Enabled": true,
      "Position": {
        "X": 0.0,
        "Y": 10.0
      },
      "Font": {
        "Style": "Bold",
        "Name": "Poppins",
        "Size": "22px",
        "Align": "left",
        "Color": "rgb(230,190,138)"
      },
      "Text": "GOLD DIFFERENCE SINCE START"
    },
    "Graph": {
      "Position": {
        "X": 5.0,
        "Y": 40.0
      },
      "Size": {
        "X": 710.0,
        "Y": 190.0
      },
      "ShowVerticalGrid": true,
      "ShowHorizontalGrid": true,
      "LineTension": 0.05,
      "GridColor": "rgba(255,255,255, 0.3)",
      "GridEdgeColor": "rgba(255,255,255, 0.4)",
      "BorderUseTeamColors": true,
      "BorderOrderColor": "rgb(0,0,0)",
      "BorderChaosColor": "rgb(0,0,0)",
      "FillUseTeamColors": true,
      "FillOrderColor": "rgb(0,0,0)",
      "FillChaosColor": "rgb(0,0,0)",
      "InfoFont": {
        "Style": "UNUSED",
        "Name": "Poppins",
        "Size": "UNUSED",
        "Align": "UNUSED",
        "Color": "rgb(230,190,138)"
      },
      "TimeStepSize": 30,
      "ShowTimeStepIndicators": true
    }
  },
  "BaronPowerPlay": {
    "Position": {
      "X": 1800.0,
      "Y": 55.0
    },
    "MaskPosition": {
      "X": 1750.0,
      "Y": 20.0
    },
    "MaskSize": {
      "X": 150.0,
      "Y": 70.0
    },
    "Scale": 0.8,
    "Align": "right",
    "ShowGoldDiff": true,
    "ShowTimer": true,
    "ObjectiveIcon": true,
    "Animate": true,
    "IconPosition": {
      "X": 0.0,
      "Y": 0.0
    },
    "GoldPosition": {
      "X": 25.0,
      "Y": -25.0
    },
    "GoldIconPosition": {
      "X": -7.0,
      "Y": -25.0
    },
    "GoldFont": {
      "Style": "Bold",
      "Name": "Poppins",
      "Size": "22px",
      "Align": "right",
      "Color": "rgb(230,190,138)"
    },
    "TimePosition": {
      "X": 25.0,
      "Y": 0.0
    },
    "TimeIconPosition": {
      "X": -10.0,
      "Y": 0.0
    },
    "TimeFont": {
      "Style": "Bold",
      "Name": "Poppins",
      "Size": "22px",
      "Align": "right",
      "Color": "rgb(230,190,138)"
    }
  },
  "ElderPowerPlay": {
    "Position": {
      "X": 120.0,
      "Y": 55.0
    },
    "MaskPosition": {
      "X": 50.0,
      "Y": 20.0
    },
    "MaskSize": {
      "X": 150.0,
      "Y": 70.0
    },
    "Scale": 0.8,
    "Align": "left",
    "ShowGoldDiff": true,
    "ShowTimer": true,
    "ObjectiveIcon": true,
    "Animate": true,
    "IconPosition": {
      "X": 40.0,
      "Y": 0.0
    },
    "GoldPosition": {
      "X": 18.0,
      "Y": -25.0
    },
    "GoldIconPosition": {
      "X": 22.0,
      "Y": -25.0
    },
    "GoldFont": {
      "Style": "Bold",
      "Name": "Poppins",
      "Size": "22px",
      "Align": "left",
      "Color": "rgb(230,190,138)"
    },
    "TimePosition": {
      "X": 18.0,
      "Y": 0.0
    },
    "TimeIconPosition": {
      "X": 20.0,
      "Y": -2.0
    },
    "TimeFont": {
      "Style": "Bold",
      "Name": "Poppins",
      "Size": "22px",
      "Align": "left",
      "Color": "rgb(230,190,138)"
    }
  },
  "DragonTimer": {
    "KeepDisplayedWhenAlive": false,
    "HideTimeIfAlive": true,
    "IconAlivePosition": {
      "X": 25.0,
      "Y": 0.0
    },
    "IconAliveScale": 1.2,
    "IconAliveLerpDurationSetToZeroToDisable": 1000.0,
    "Position": {
      "X": 120.0,
      "Y": 55.0
    },
    "Scale": 0.8,
    "Align": "left",
    "IconPosition": {
      "X": -20.0,
      "Y": 0.0
    },
    "TimePosition": {
      "X": 80.0,
      "Y": -18.0
    },
    "TimeFont": {
      "Style": "Bold",
      "Name": "Poppins",
      "Size": "32px",
      "Align": "left",
      "Color": "rgb(230,190,138)"
    }
  },
  "GoogleFonts": [
    "News Cycle",
    "News Cycle:bold",
	"Poppins",
    "Poppins:700",
    "Droid Sans"
  ],
  "FileVersion": "3.0"
}